[{"country_currency_desc": "Afghanistan-Afghani", "exchange_rate": "85.95", "record_date": "2023-06-30"}, {"country_currency_desc": "Albania-Lek", "exchange_rate": "97.55", "record_date": "2023-06-30"}, {"country_currency_desc": "Algeria-Dinar", "exchange_rate": "135.657", "record_date": "2023-06-30"}, {"country_currency_desc": "Angola-Kwanza", "exchange_rate": "825.0", "record_date": "2023-06-30"}, {"country_currency_desc": "Antigua & Barbuda-E. Caribbean Dollar", "exchange_rate": "2.7", "record_date": "2023-06-30"}, {"country_currency_desc": "Argentina-Peso", "exchange_rate": "266.0", "record_date": "2023-06-30"}, {"country_currency_desc": "Armenia-Dram", "exchange_rate": "390.0", "record_date": "2023-06-30"}, {"country_currency_desc": "Australia-Dollar", "exchange_rate": "1.509", "record_date": "2023-06-30"}, {"country_currency_desc": "Azerbaijan-Manat", "exchange_rate": "1.7", "record_date": "2023-06-30"}, {"country_currency_desc": "Bahamas-Dollar", "exchange_rate": "1.0", "record_date": "2023-06-30"}, {"country_currency_desc": "Bahrain-Dinar", "exchange_rate": "0.377", "record_date": "2023-06-30"}, {"country_currency_desc": "Bangladesh-Taka", "exchange_rate": "108.0", "record_date": "2023-06-30"}, {"country_currency_desc": "Barbados-Dollar", "exchange_rate": "2.02", "record_date": "2023-06-30"}, {"country_currency_desc": "Belarus-New Ruble", "exchange_rate": "2.933", "record_date": "2023-06-30"}, {"country_currency_desc": "Belize-Dollar", "exchange_rate": "2.0", "record_date": "2023-06-30"}, {"country_currency_desc": "Benin-CFA Franc", "exchange_rate": "628.64", "record_date": "2023-06-30"}, {"country_currency_desc": "Bermuda-Dollar", "exchange_rate": "1.0", "record_date": "2023-06-30"}, {"country_currency_desc": "Bolivia-Boliviano", "exchange_rate": "6.86", "record_date": "2023-06-30"}, {"country_currency_desc": "Bosnia-Marka", "exchange_rate": "1.799", "record_date": "2023-06-30"}, {"country_currency_desc": "Botswana-Pula", "exchange_rate": "13.514", "record_date": "2023-06-30"}, {"country_currency_desc": "Brazil-Real", "exchange_rate": "4.858", "record_date": "2023-06-30"}, {"country_currency_desc": "Brunei-Dollar", "exchange_rate": "1.356", "record_date": "2023-06-30"}, {"country_currency_desc": "Bulgaria-Lev New", "exchange_rate": "1.8", "record_date": "2023-06-30"}, {"country_currency_desc": "Burkina Faso-CFA Franc", "exchange_rate": "628.64", "record_date": "2023-06-30"}, {"country_currency_desc": "Burundi-Franc", "exchange_rate": "2826.27", "record_date": "2023-06-30"}, {"country_currency_desc": "Cambodia-Riel", "exchange_rate": "4051.0", "record_date": "2023-06-30"}, {"country_currency_desc": "Cameroon-CFA Franc", "exchange_rate": "603.57", "record_date": "2023-06-30"}, {"country_currency_desc": "Canada-Dollar", "exchange_rate": "1.326", "record_date": "2023-06-30"}, {"country_currency_desc": "Cape Verde-Escudo", "exchange_rate": "101.47", "record_date": "2023-06-30"}, {"country_currency_desc": "Cayman Islands-Dollar", "exchange_rate": "0.82", "record_date": "2023-06-30"}, {"country_currency_desc": "Central African Rep.-CFA Franc", "exchange_rate": "603.57", "record_date": "2023-06-30"}, {"country_currency_desc": "Chad-CFA Franc", "exchange_rate": "603.57", "record_date": "2023-06-30"}, {"country_currency_desc": "Chile-Peso", "exchange_rate": "802.37", "record_date": "2023-06-30"}, {"country_currency_desc": "China-Renminbi", "exchange_rate": "7.268", "record_date": "2023-06-30"}, {"country_currency_desc": "Colombia-Peso", "exchange_rate": "4171.72", "record_date": "2023-06-30"}, {"country_currency_desc": "Comoros-Franc", "exchange_rate": "452.44", "record_date": "2023-06-30"}, {"country_currency_desc": "Congo-CFA Franc", "exchange_rate": "603.57", "record_date": "2023-06-30"}, {"country_currency_desc": "Costa Rica-Colon", "exchange_rate": "541.9", "record_date": "2023-06-30"}, {"country_currency_desc": "Cote D'ivoire-CFA Franc", "exchange_rate": "628.64", "record_date": "2023-06-30"}, {"country_currency_desc": "Cuba-Chavito", "exchange_rate": "1.0", "record_date": "2023-06-30"}, {"country_currency_desc": "Cuba-Peso", "exchange_rate": "24.0", "record_date": "2023-06-30"}, {"country_currency_desc": "Cyprus-Euro", "exchange_rate": "0.92", "record_date": "2023-06-30"}, {"country_currency_desc": "Czech Republic-Koruna", "exchange_rate": "21.245", "record_date": "2023-06-30"}, {"country_currency_desc": "Dem. Rep. of Congo-Congolese Franc", "exchange_rate": "2383.0", "record_date": "2023-06-30"}, {"country_currency_desc": "Denmark-Krone", "exchange_rate": "6.854", "record_date": "2023-06-30"}, {"country_currency_desc": "Djibouti-Franc", "exchange_rate": "177.0", "record_date": "2023-06-30"}, {"country_currency_desc": "Dominican Republic-Peso", "exchange_rate": "55.03", "record_date": "2023-06-30"}, {"country_currency_desc": "Ecuador-Dolares", "exchange_rate": "1.0", "record_date": "2023-06-30"}, {"country_currency_desc": "Egypt-Pound", "exchange_rate": "30.85", "record_date": "2023-06-30"}, {"country_currency_desc": "El Salvador-Dollar", "exchange_rate": "1.0", "record_date": "2023-06-30"}, {"country_currency_desc": "Equatorial Guinea-CFA Franc", "exchange_rate": "603.57", "record_date": "2023-06-30"}, {"country_currency_desc": "Eritrea-Nakfa", "exchange_rate": "15.0", "record_date": "2023-06-30"}, {"country_currency_desc": "Eswatini-Lilangeni", "exchange_rate": "18.936", "record_date": "2023-06-30"}, {"country_currency_desc": "Ethiopia-Birr", "exchange_rate": "54.594", "record_date": "2023-06-30"}, {"country_currency_desc": "Euro Zone-Euro", "exchange_rate": "0.92", "record_date": "2023-06-30"}, {"country_currency_desc": "Fiji-Dollar", "exchange_rate": "2.205", "record_date": "2023-06-30"}, {"country_currency_desc": "Gabon-CFA Franc", "exchange_rate": "603.57", "record_date": "2023-06-30"}, {"country_currency_desc": "Gambia-Dalasi", "exchange_rate": "60.0", "record_date": "2023-06-30"}, {"country_currency_desc": "Georgia-Lari", "exchange_rate": "2.585", "record_date": "2023-06-30"}, {"country_currency_desc": "Ghana-Cedi", "exchange_rate": "11.0", "record_date": "2023-06-30"}, {"country_currency_desc": "Grenada-E.Caribbean Dollar", "exchange_rate": "2.7", "record_date": "2023-06-30"}, {"country_currency_desc": "Guatemala-Quentzal", "exchange_rate": "7.835", "record_date": "2023-06-30"}, {"country_currency_desc": "Guinea Bissau-CFA Franc", "exchange_rate": "628.64", "record_date": "2023-06-30"}, {"country_currency_desc": "Guinea-Franc", "exchange_rate": "8511.0", "record_date": "2023-06-30"}, {"country_currency_desc": "Guyana-Dollar", "exchange_rate": "215.0", "record_date": "2023-06-30"}, {"country_currency_desc": "Haiti-Gourde", "exchange_rate": "138.251", "record_date": "2023-06-30"}, {"country_currency_desc": "Honduras-Lempira", "exchange_rate": "24.566", "record_date": "2023-06-30"}, {"country_currency_desc": "Hong Kong-Dollar", "exchange_rate": "7.837", "record_date": "2023-06-30"}, {"country_currency_desc": "Hungary-Forint", "exchange_rate": "342.15", "record_date": "2023-06-30"}, {"country_currency_desc": "Iceland-Krona", "exchange_rate": "136.67", "record_date": "2023-06-30"}, {"country_currency_desc": "India-Rupee", "exchange_rate": "82.086", "record_date": "2023-06-30"}, {"country_currency_desc": "Indonesia-Rupiah", "exchange_rate": "14957.53", "record_date": "2023-06-30"}, {"country_currency_desc": "Iran-Rial", "exchange_rate": "42000.0", "record_date": "2023-06-30"}, {"country_currency_desc": "Iraq-Dinar", "exchange_rate": "1309.0", "record_date": "2023-06-30"}, {"country_currency_desc": "Israel-Shekel", "exchange_rate": "3.725", "record_date": "2023-06-30"}, {"country_currency_desc": "Jamaica-Dollar", "exchange_rate": "154.0", "record_date": "2023-06-30"}, {"country_currency_desc": "Japan-Yen", "exchange_rate": "144.62", "record_date": "2023-06-30"}, {"country_currency_desc": "Jordan-Dinar", "exchange_rate": "0.708", "record_date": "2023-06-30"}, {"country_currency_desc": "Kazakhstan-Tenge", "exchange_rate": "450.33", "record_date": "2023-06-30"}, {"country_currency_desc": "Kenya-Shilling", "exchange_rate": "140.55", "record_date": "2023-06-30"}, {"country_currency_desc": "Korea-Won", "exchange_rate": "1321.19", "record_date": "2023-06-30"}, {"country_currency_desc": "Kuwait-Dinar", "exchange_rate": "0.308", "record_date": "2023-06-30"}, {"country_currency_desc": "Kyrgyzstan-Som", "exchange_rate": "87.227", "record_date": "2023-06-30"}, {"country_currency_desc": "Laos-Kip", "exchange_rate": "19034.0", "record_date": "2023-06-30"}, {"country_currency_desc": "Lebanon-Pound", "exchange_rate": "15000.0", "record_date": "2023-06-30"}, {"country_currency_desc": "Lesotho-Maloti", "exchange_rate": "18.936", "record_date": "2023-06-30"}, {"country_currency_desc": "Liberia-Dollar", "exchange_rate": "182.0", "record_date": "2023-06-30"}, {"country_currency_desc": "Libya-Dinar", "exchange_rate": "4.778", "record_date": "2023-06-30"}, {"country_currency_desc": "Madagascar-Ariary", "exchange_rate": "4400.0", "record_date": "2023-06-30"}, {"country_currency_desc": "Malawi-Kwacha", "exchange_rate": "1053.43", "record_date": "2023-06-30"}, {"country_currency_desc": "Malaysia-Ringgit", "exchange_rate": "4.665", "record_date": "2023-06-30"}, {"country_currency_desc": "Maldives-Rufiyaa", "exchange_rate": "15.42", "record_date": "2023-06-30"}, {"country_currency_desc": "Mali-CFA Franc", "exchange_rate": "628.64", "record_date": "2023-06-30"}, {"country_currency_desc": "Marshall Islands-U.S. Dollar", "exchange_rate": "1.0", "record_date": "2023-06-30"}, {"country_currency_desc": "Mauritania-Ouguiya", "exchange_rate": "34.38", "record_date": "2023-06-30"}, {"country_currency_desc": "Mauritius-Rupee", "exchange_rate": "45.4", "record_date": "2023-06-30"}, {"country_currency_desc": "Mexico-Peso", "exchange_rate": "17.077", "record_date": "2023-06-30"}, {"country_currency_desc": "Micronesia-U.S. Dollar", "exchange_rate": "1.0", "record_date": "2023-06-30"}, {"country_currency_desc": "Moldova-LEU", "exchange_rate": "18.25", "record_date": "2023-06-30"}, {"country_currency_desc": "Mongolia-Tugrik", "exchange_rate": "3432.51", "record_date": "2023-06-30"}]