{"count":309,"next":"https://ll.thespacedevs.com/2.0.0/launch/upcoming/?limit=10&offset=10","previous":null,"results":[{"id":"ce5f4f47-c54d-4014-84f2-17a556892420","url":"https://ll.thespacedevs.com/2.0.0/launch/ce5f4f47-c54d-4014-84f2-17a556892420/","launch_library_id":null,"slug":"falcon-9-block-5-starlink-group-6-7","name":"Falcon 9 Block 5 | Starlink Group 6-7","status":{"id":3,"name":"Success"},"net":"2023-07-28T04:01:10Z","window_end":"2023-07-28T04:01:10Z","window_start":"2023-07-28T02:20:10Z","inhold":false,"tbdtime":false,"tbddate":false,"probability":40,"holdreason":"","failreason":"","hashtag":null,"launch_service_provider":{"id":121,"url":"https://ll.thespacedevs.com/2.0.0/agencies/121/","name":"SpaceX","type":"Commercial"},"rocket":{"id":7846,"configuration":{"id":164,"launch_library_id":188,"url":"https://ll.thespacedevs.com/2.0.0/config/launcher/164/","name":"Falcon 9","family":"Falcon","full_name":"Falcon 9 Block 5","variant":"Block 5"}},"mission":{"id":6353,"launch_library_id":null,"name":"Starlink Group 6-7","description":"A batch of satellites for the Starlink mega-constellation - SpaceX's project for space-based Internet communication system.","launch_designator":null,"type":"Communications","orbit":{"id":8,"name":"Low Earth Orbit","abbrev":"LEO"}},"pad":{"id":80,"url":"https://ll.thespacedevs.com/2.0.0/pad/80/","agency_id":121,"name":"Space Launch Complex 40","info_url":null,"wiki_url":"https://en.wikipedia.org/wiki/Cape_Canaveral_Air_Force_Station_Space_Launch_Complex_40","map_url":"https://www.google.com/maps?q=28.56194122,-80.57735736","latitude":"28.56194122","longitude":"-80.57735736","location":{"id":12,"url":"https://ll.thespacedevs.com/2.0.0/location/12/","name":"Cape Canaveral, FL, USA","country_code":"USA","map_image":"https://spacelaunchnow-prod-east.nyc3.digitaloceanspaces.com/media/launch_images/location_12_20200803142519.jpg","total_launch_count":898,"total_landing_count":34},"map_image":"https://spacelaunchnow-prod-east.nyc3.digitaloceanspaces.com/media/launch_images/pad_80_20200803143323.jpg","total_launch_count":191},"webcast_live":false,"image":"https://spacelaunchnow-prod-east.nyc3.digitaloceanspaces.com/media/launch_images/falcon2520925_image_20230503090318.png","infographic":null,"program":[]},{"id":"72491a20-315d-4aea-b6df-d1202930bd60","url":"https://ll.thespacedevs.com/2.0.0/launch/72491a20-315d-4aea-b6df-d1202930bd60/","launch_library_id":null,"slug":"falcon-heavy-echostar-24jupiter-3","name":"Falcon Heavy | EchoStar 24/Jupiter-3","status":{"id":1,"name":"Go"},"net":"2023-07-29T03:04:00Z","window_end":"2023-07-29T04:43:00Z","window_start":"2023-07-29T03:04:00Z","inhold":false,"tbdtime":false,"tbddate":false,"probability":65,"holdreason":"","failreason":"","hashtag":null,"launch_service_provider":{"id":121,"url":"https://ll.thespacedevs.com/2.0.0/agencies/121/","name":"SpaceX","type":"Commercial"},"rocket":{"id":7576,"configuration":{"id":161,"launch_library_id":58,"url":"https://ll.thespacedevs.com/2.0.0/config/launcher/161/","name":"Falcon Heavy","family":"Falcon","full_name":"Falcon Heavy","variant":"Heavy"}},"mission":{"id":6019,"launch_library_id":null,"name":"EchoStar 24/Jupiter-3","description":"Geostationary communications satellite built by Maxar Technologies for EchoStar. With a capacity of 500 Gbps, its purpose is to relieve broadband capacity constraints in the Americas.","launch_designator":null,"type":"Communications","orbit":{"id":2,"name":"Geostationary Transfer Orbit","abbrev":"GTO"}},"pad":{"id":87,"url":"https://ll.thespacedevs.com/2.0.0/pad/87/","agency_id":121,"name":"Launch Complex 39A","info_url":null,"wiki_url":"https://en.wikipedia.org/wiki/Kennedy_Space_Center_Launch_Complex_39#Launch_Pad_39A","map_url":"https://www.google.com/maps?q=28.60822681,-80.60428186","latitude":"28.60822681","longitude":"-80.60428186","location":{"id":27,"url":"https://ll.thespacedevs.com/2.0.0/location/27/","name":"Kennedy Space Center, FL, USA","country_code":"USA","map_image":"https://spacelaunchnow-prod-east.nyc3.digitaloceanspaces.com/media/launch_images/location_27_20200803142447.jpg","total_launch_count":220,"total_landing_count":0},"map_image":"https://spacelaunchnow-prod-east.nyc3.digitaloceanspaces.com/media/launch_images/pad_87_20200803143537.jpg","total_launch_count":162},"webcast_live":false,"image":"https://spacelaunchnow-prod-east.nyc3.digitaloceanspaces.com/media/launch_images/falcon2520heav_image_20230728060033.jpeg","infographic":null,"program":[]},{"id":"af626de1-88f7-418b-8801-a4e897f067a4","url":"https://ll.thespacedevs.com/2.0.0/launch/af626de1-88f7-418b-8801-a4e897f067a4/","launch_library_id":null,"slug":"pslv-ca-ds-sar","name":"PSLV-CA | DS-SAR","status":{"id":1,"name":"Go"},"net":"2023-07-30T01:00:00Z","window_end":"2023-07-30T04:15:00Z","window_start":"2023-07-30T00:15:00Z","inhold":false,"tbdtime":false,"tbddate":false,"probability":null,"holdreason":"","failreason":"","hashtag":null,"launch_service_provider":{"id":31,"url":"https://ll.thespacedevs.com/2.0.0/agencies/31/","name":"Indian Space Research Organization","type":"Government"},"rocket":{"id":7908,"configuration":{"id":43,"launch_library_id":68,"url":"https://ll.thespacedevs.com/2.0.0/config/launcher/43/","name":"PSLV","family":"PSLV","full_name":"PSLV-CA","variant":"CA"}},"mission":{"id":6415,"launch_library_id":null,"name":"DS-SAR","description":"DS-SAR is a Singaporean Synthetic Aperture Radar (SAR) Earth Observation satellite built by Israel Aerospace Industries (IAI), to be used by both the Singaporean government DSTA (Defence Science and Technology Agency) and commercially operated by ST Electronics.\r\n\r\nCo-passengers:\r\n\r\n* VELOX-AM\r\n* Atmospheric Coupling and Dynamics Explorer (ARCADE)\r\n* SCOOB-II\r\n* NuLIoN by NuSpace\r\n* Galassia-2\r\n* ORB-12 STRIDER","launch_designator":null,"type":"Earth Science","orbit":{"id":8,"name":"Low Earth Orbit","abbrev":"LEO"}},"pad":{"id":50,"url":"https://ll.thespacedevs.com/2.0.0/pad/50/","agency_id":31,"name":"Satish Dhawan Space Centre First Launch Pad","info_url":null,"wiki_url":"https://en.wikipedia.org/wiki/Satish_Dhawan_Space_Centre_First_Launch_Pad","map_url":"https://www.google.com/maps?q=13.733,80.235","latitude":"13.733","longitude":"80.235","location":{"id":14,"url":"https://ll.thespacedevs.com/2.0.0/location/14/","name":"Satish Dhawan Space Centre, India","country_code":"IND","map_image":"https://spacelaunchnow-prod-east.nyc3.digitaloceanspaces.com/media/launch_images/location_14_20200803142403.jpg","total_launch_count":89,"total_landing_count":0},"map_image":"https://spacelaunchnow-prod-east.nyc3.digitaloceanspaces.com/media/launch_images/pad_50_20200803143457.jpg","total_launch_count":55},"webcast_live":false,"image":"https://spacelaunchnow-prod-east.nyc3.digitaloceanspaces.com/media/launch_images/pslv-ca252025_image_20230727155049.jpeg","infographic":null,"program":[]},{"id":"7975274c-81c5-48a5-82e1-9b8d982cd533","url":"https://ll.thespacedevs.com/2.0.0/launch/7975274c-81c5-48a5-82e1-9b8d982cd533/","launch_library_id":null,"slug":"electron-we-love-the-nightlife-capella-acadia-1","name":"Electron | We Love the Nightlife (Capella Acadia 1)","status":{"id":1,"name":"Go"},"net":"2023-07-30T05:00:00Z","window_end":"2023-07-30T07:00:00Z","window_start":"2023-07-30T05:00:00Z","inhold":false,"tbdtime":false,"tbddate":false,"probability":null,"holdreason":"","failreason":"","hashtag":null,"launch_service_provider":{"id":147,"url":"https://ll.thespacedevs.com/2.0.0/agencies/147/","name":"Rocket Lab","type":"Commercial"},"rocket":{"id":7795,"configuration":{"id":26,"launch_library_id":148,"url":"https://ll.thespacedevs.com/2.0.0/config/launcher/26/","name":"Electron","family":"Electron","full_name":"Electron","variant":""}},"mission":{"id":6313,"launch_library_id":null,"name":"We Love the Nightlife (Capella Acadia 1)","description":"Payload consists of a single SAR Earth-imaging Acadia satellite, a new generation satellite designed, manufactured, and operated by Capella Space.","launch_designator":null,"type":"Earth Science","orbit":{"id":8,"name":"Low Earth Orbit","abbrev":"LEO"}},"pad":{"id":185,"url":"https://ll.thespacedevs.com/2.0.0/pad/185/","agency_id":147,"name":"Rocket Lab Launch Complex 1B","info_url":null,"wiki_url":"https://en.wikipedia.org/wiki/Rocket_Lab_Launch_Complex_1","map_url":"https://www.google.com/maps?q=-39.262833,177.864469","latitude":"-39.262833","longitude":"177.864469","location":{"id":10,"url":"https://ll.thespacedevs.com/2.0.0/location/10/","name":"Onenui Station, Mahia Peninsula, New Zealand","country_code":"NZL","map_image":"https://spacelaunchnow-prod-east.nyc3.digitaloceanspaces.com/media/launch_images/location_10_20200803142509.jpg","total_launch_count":36,"total_landing_count":7},"map_image":"https://spacelaunchnow-prod-east.nyc3.digitaloceanspaces.com/media/launch_images/pad_185_20200803143540.jpg","total_launch_count":10},"webcast_live":false,"image":"https://spacelaunchnow-prod-east.nyc3.digitaloceanspaces.com/media/launch_images/electron25202_image_20230728093235.jpg","infographic":null,"program":[]},{"id":"7c126e4f-4afd-4c25-bf6f-9017666b56ee","url":"https://ll.thespacedevs.com/2.0.0/launch/7c126e4f-4afd-4c25-bf6f-9017666b56ee/","launch_library_id":null,"slug":"antares-230-cygnus-crs-2-ng-19","name":"Antares 230+ | Cygnus CRS-2 NG-19","status":{"id":1,"name":"Go"},"net":"2023-08-02T00:31:11Z","window_end":"2023-08-02T00:31:11Z","window_start":"2023-08-02T00:31:11Z","inhold":false,"tbdtime":false,"tbddate":false,"probability":null,"holdreason":"","failreason":"","hashtag":null,"launch_service_provider":{"id":257,"url":"https://ll.thespacedevs.com/2.0.0/agencies/257/","name":"Northrop Grumman Space Systems","type":"Commercial"},"rocket":{"id":2685,"configuration":{"id":210,"launch_library_id":241,"url":"https://ll.thespacedevs.com/2.0.0/config/launcher/210/","name":"Antares 230+","family":"Antares","full_name":"Antares 230+","variant":"230+"}},"mission":{"id":6004,"launch_library_id":null,"name":"Cygnus CRS-2 NG-19","description":"This is the 19th flight of the Orbital ATK's uncrewed resupply spacecraft Cygnus and its 18th flight to the International Space Station under the Commercial Resupply Services contract with NASA.","launch_designator":null,"type":"Resupply","orbit":{"id":8,"name":"Low Earth Orbit","abbrev":"LEO"}},"pad":{"id":76,"url":"https://ll.thespacedevs.com/2.0.0/pad/76/","agency_id":44,"name":"Launch Area 0 A","info_url":null,"wiki_url":"","map_url":"https://www.google.com/maps?q=37.8337,-75.4881","latitude":"37.8337","longitude":"-75.4881","location":{"id":21,"url":"https://ll.thespacedevs.com/2.0.0/location/21/","name":"Wallops Island, Virginia, USA","country_code":"USA","map_image":"https://spacelaunchnow-prod-east.nyc3.digitaloceanspaces.com/media/launch_images/location_21_20200803142423.jpg","total_launch_count":76,"total_landing_count":0},"map_image":"https://spacelaunchnow-prod-east.nyc3.digitaloceanspaces.com/media/launch_images/pad_76_20200803143538.jpg","total_launch_count":18},"webcast_live":false,"image":"https://spacelaunchnow-prod-east.nyc3.digitaloceanspaces.com/media/launcher_images/antares2520230252b_image_20191102024633.jpeg","infographic":null,"program":[{"id":11,"url":"https://ll.thespacedevs.com/2.0.0/program/11/","name":"Commercial Resupply Services","description":"Commercial Resupply Services (CRS) are a series of flights awarded by NASA for the delivery of cargo and supplies to the International Space Station.The first CRS contracts were signed in 2008 and awarded $1.6 billion to SpaceX for twelve cargo Dragon and $1.9 billion to Orbital Sciences for eight Cygnus flights, covering deliveries to 2016. The Falcon 9 and Antares rockets were also developed under the CRS program to deliver cargo spacecraft to the ISS.","agencies":[{"id":44,"url":"https://ll.thespacedevs.com/2.0.0/agencies/44/","name":"National Aeronautics and Space Administration","type":"Government"},{"id":257,"url":"https://ll.thespacedevs.com/2.0.0/agencies/257/","name":"Northrop Grumman Space Systems","type":"Commercial"},{"id":1020,"url":"https://ll.thespacedevs.com/2.0.0/agencies/1020/","name":"Sierra Nevada Corporation","type":"Commercial"},{"id":121,"url":"https://ll.thespacedevs.com/2.0.0/agencies/121/","name":"SpaceX","type":"Commercial"}],"image_url":"https://spacelaunchnow-prod-east.nyc3.digitaloceanspaces.com/media/program_images/commercial2520_program_20201129212219.png","start_date":"2008-12-23T00:00:00Z","end_date":null,"info_url":null,"wiki_url":"https://en.wikipedia.org/wiki/Commercial_Resupply_Services#Commercial_Resupply_Services"},{"id":17,"url":"https://ll.thespacedevs.com/2.0.0/program/17/","name":"International Space Station","description":"The International Space Station programme is tied together by a complex set of legal, political and financial agreements between the sixteen nations involved in the project, governing ownership of the various components, rights to crewing and utilization, and responsibilities for crew rotation and resupply of the International Space Station. It was conceived in 1984 by President Ronald Reagan, during the Space Station Freedom project as it was originally called.","agencies":[{"id":16,"url":"https://ll.thespacedevs.com/2.0.0/agencies/16/","name":"Canadian Space Agency","type":"Government"},{"id":27,"url":"https://ll.thespacedevs.com/2.0.0/agencies/27/","name":"European Space Agency","type":"Multinational"},{"id":37,"url":"https://ll.thespacedevs.com/2.0.0/agencies/37/","name":"Japan Aerospace Exploration Agency","type":"Government"},{"id":44,"url":"https://ll.thespacedevs.com/2.0.0/agencies/44/","name":"National Aeronautics and Space Administration","type":"Government"},{"id":63,"url":"https://ll.thespacedevs.com/2.0.0/agencies/63/","name":"Russian Federal Space Agency (ROSCOSMOS)","type":"Government"}],"image_url":"https://spacelaunchnow-prod-east.nyc3.digitaloceanspaces.com/media/program_images/international2_program_20201129184745.png","start_date":"1998-11-20T06:40:00Z","end_date":null,"info_url":"https://www.nasa.gov/mission_pages/station/main/index.html","wiki_url":"https://en.wikipedia.org/wiki/International_Space_Station_programme"}]},{"id":"afc772a3-6ea7-4550-a4e9-35c70c22ebba","url":"https://ll.thespacedevs.com/2.0.0/launch/afc772a3-6ea7-4550-a4e9-35c70c22ebba/","launch_library_id":null,"slug":"falcon-9-block-5-galaxy-37","name":"Falcon 9 Block 5 | Galaxy 37","status":{"id":2,"name":"TBD"},"net":"2023-08-03T04:30:00Z","window_end":"2023-08-03T04:30:00Z","window_start":"2023-08-03T04:30:00Z","inhold":false,"tbdtime":false,"tbddate":false,"probability":null,"holdreason":"","failreason":"","hashtag":null,"launch_service_provider":{"id":121,"url":"https://ll.thespacedevs.com/2.0.0/agencies/121/","name":"SpaceX","type":"Commercial"},"rocket":{"id":7550,"configuration":{"id":164,"launch_library_id":188,"url":"https://ll.thespacedevs.com/2.0.0/config/launcher/164/","name":"Falcon 9","family":"Falcon","full_name":"Falcon 9 Block 5","variant":"Block 5"}},"mission":{"id":5977,"launch_library_id":null,"name":"Galaxy 37","description":"Galaxy 37 is a geostationary communications satellite manufactured by Maxar and operated by Intelsat.","launch_designator":null,"type":"Communications","orbit":{"id":2,"name":"Geostationary Transfer Orbit","abbrev":"GTO"}},"pad":{"id":80,"url":"https://ll.thespacedevs.com/2.0.0/pad/80/","agency_id":121,"name":"Space Launch Complex 40","info_url":null,"wiki_url":"https://en.wikipedia.org/wiki/Cape_Canaveral_Air_Force_Station_Space_Launch_Complex_40","map_url":"https://www.google.com/maps?q=28.56194122,-80.57735736","latitude":"28.56194122","longitude":"-80.57735736","location":{"id":12,"url":"https://ll.thespacedevs.com/2.0.0/location/12/","name":"Cape Canaveral, FL, USA","country_code":"USA","map_image":"https://spacelaunchnow-prod-east.nyc3.digitaloceanspaces.com/media/launch_images/location_12_20200803142519.jpg","total_launch_count":898,"total_landing_count":34},"map_image":"https://spacelaunchnow-prod-east.nyc3.digitaloceanspaces.com/media/launch_images/pad_80_20200803143323.jpg","total_launch_count":191},"webcast_live":false,"image":"https://spacelaunchnow-prod-east.nyc3.digitaloceanspaces.com/media/launcher_images/falcon_9_block__image_20210506060831.jpg","infographic":null,"program":[]},{"id":"e694f57c-dba0-44ed-9c7b-abbeab437382","url":"https://ll.thespacedevs.com/2.0.0/launch/e694f57c-dba0-44ed-9c7b-abbeab437382/","launch_library_id":null,"slug":"soyuz-21bfregat-m-glonass-k2-no-13","name":"Soyuz 2.1b/Fregat-M | Glonass-K2 No. 13","status":{"id":2,"name":"TBD"},"net":"2023-08-07T12:00:00Z","window_end":"2023-08-07T15:00:00Z","window_start":"2023-08-07T12:00:00Z","inhold":false,"tbdtime":false,"tbddate":false,"probability":null,"holdreason":"","failreason":"","hashtag":null,"launch_service_provider":{"id":193,"url":"https://ll.thespacedevs.com/2.0.0/agencies/193/","name":"Russian Space Forces","type":"Government"},"rocket":{"id":7966,"configuration":{"id":134,"launch_library_id":153,"url":"https://ll.thespacedevs.com/2.0.0/config/launcher/134/","name":"Soyuz 2.1b/Fregat-M","family":"Soyuz","full_name":"Soyuz 2.1b Fregat-M","variant":"Fregat-M"}},"mission":{"id":6483,"launch_library_id":null,"name":"Glonass-K2 No. 13","description":"NOTE: Payload identity unconfirmed.\r\n\r\nGlonass-K2 are the fourth generation of satellite design for GLONASS satellite navigation system. GLONASS is a Russian space-based navigation system comparable to the similar GPS and Galileo systems. This generation improves on accuracy, power consumption and design life. Each satellite is unpressurized and weighs 1645 kg,  and has an operational lifetime of 10 years.","launch_designator":null,"type":"Navigation","orbit":{"id":12,"name":"Medium Earth Orbit","abbrev":"MEO"}},"pad":{"id":85,"url":"https://ll.thespacedevs.com/2.0.0/pad/85/","agency_id":163,"name":"43/4 (43R)","info_url":null,"wiki_url":"","map_url":"https://www.google.com/maps?q=62.92883,40.457098","latitude":"62.92883","longitude":"40.457098","location":{"id":6,"url":"https://ll.thespacedevs.com/2.0.0/location/6/","name":"Plesetsk Cosmodrome, Russian Federation","country_code":"RUS","map_image":"https://spacelaunchnow-prod-east.nyc3.digitaloceanspaces.com/media/launch_images/location_6_20200803142434.jpg","total_launch_count":1661,"total_landing_count":0},"map_image":"https://spacelaunchnow-prod-east.nyc3.digitaloceanspaces.com/media/launch_images/pad_85_20200803143554.jpg","total_launch_count":315},"webcast_live":false,"image":"https://spacelaunchnow-prod-east.nyc3.digitaloceanspaces.com/media/launcher_images/soyuz25202.1b_image_20190520165337.jpg","infographic":null,"program":[]},{"id":"6229654f-e7ea-4d97-80f7-0195161e8645","url":"https://ll.thespacedevs.com/2.0.0/launch/6229654f-e7ea-4d97-80f7-0195161e8645/","launch_library_id":null,"slug":"spaceshiptwo-galactic-02","name":"SpaceShipTwo | Galactic 02","status":{"id":2,"name":"TBD"},"net":"2023-08-10T14:00:00Z","window_end":"2023-08-10T22:00:00Z","window_start":"2023-08-10T14:00:00Z","inhold":false,"tbdtime":false,"tbddate":false,"probability":null,"holdreason":"","failreason":"","hashtag":null,"launch_service_provider":{"id":1024,"url":"https://ll.thespacedevs.com/2.0.0/agencies/1024/","name":"Virgin Galactic","type":"Private"},"rocket":{"id":7906,"configuration":{"id":465,"launch_library_id":null,"url":"https://ll.thespacedevs.com/2.0.0/config/launcher/465/","name":"SpaceShipTwo","family":"SpaceShipTwo","full_name":"SpaceShipTwo","variant":""}},"mission":{"id":6413,"launch_library_id":null,"name":"Galactic 02","description":"Second commercial Virgin Galactic mission.","launch_designator":null,"type":"Tourism","orbit":{"id":15,"name":"Suborbital","abbrev":"Sub"}},"pad":{"id":191,"url":"https://ll.thespacedevs.com/2.0.0/pad/191/","agency_id":1024,"name":"Spaceport America","info_url":"https://www.spaceportamerica.com/","wiki_url":"https://en.wikipedia.org/wiki/Spaceport_America","map_url":"https://www.google.com/maps?q=32.9902778,-106.9719162","latitude":"32.9902778","longitude":"-106.9719162","location":{"id":144,"url":"https://ll.thespacedevs.com/2.0.0/location/144/","name":"Air launch to Suborbital flight","country_code":"","map_image":"https://spacelaunchnow-prod-east.nyc3.digitaloceanspaces.com/media/launch_images/location_144_20200803142439.jpg","total_launch_count":80,"total_landing_count":0},"map_image":"https://spacelaunchnow-prod-east.nyc3.digitaloceanspaces.com/media/launch_images/pad_spaceport_america_20210522162030.jpg","total_launch_count":8},"webcast_live":false,"image":"https://spacelaunchnow-prod-east.nyc3.digitaloceanspaces.com/media/launcher_images/spaceshiptwo_image_20210522140909.jpeg","infographic":null,"program":[]},{"id":"2277b184-5a07-4a71-90ce-367f41420eaa","url":"https://ll.thespacedevs.com/2.0.0/launch/2277b184-5a07-4a71-90ce-367f41420eaa/","launch_library_id":2056,"slug":"soyuz-21bfregat-m-luna-25","name":"Soyuz 2.1b/Fregat-M | Luna 25","status":{"id":2,"name":"TBD"},"net":"2023-08-10T23:10:57Z","window_end":"2023-08-10T23:10:57Z","window_start":"2023-08-10T23:10:57Z","inhold":false,"tbdtime":false,"tbddate":false,"probability":null,"holdreason":"","failreason":"","hashtag":null,"launch_service_provider":{"id":63,"url":"https://ll.thespacedevs.com/2.0.0/agencies/63/","name":"Russian Federal Space Agency (ROSCOSMOS)","type":"Government"},"rocket":{"id":2703,"configuration":{"id":134,"launch_library_id":153,"url":"https://ll.thespacedevs.com/2.0.0/config/launcher/134/","name":"Soyuz 2.1b/Fregat-M","family":"Soyuz","full_name":"Soyuz 2.1b Fregat-M","variant":"Fregat-M"}},"mission":{"id":6360,"launch_library_id":null,"name":"Luna 25","description":"Luna 25 (ex-Luna-Glob) is a planned lunar lander mission by the Russian Federal Space Agency (Roscosmos). It will land near the lunar south pole at the Boguslavsky crater. Its primary mission is for proving out lunar landing technology. The mission will carry 30 kg of scientific instruments, including a robotic arm for soil samples and possible drilling hardware. The lander is planned to remain active for at least one year on the lunar surface.","launch_designator":null,"type":"Lunar Exploration","orbit":{"id":11,"name":"Lunar Orbit","abbrev":"LO"}},"pad":{"id":83,"url":"https://ll.thespacedevs.com/2.0.0/pad/83/","agency_id":63,"name":"Cosmodrome Site 1S","info_url":null,"wiki_url":"https://en.wikipedia.org/wiki/Vostochny_Cosmodrome","map_url":"https://www.google.com/maps?q=51.884395,128.333932","latitude":"51.884395","longitude":"128.333932","location":{"id":18,"url":"https://ll.thespacedevs.com/2.0.0/location/18/","name":"Vostochny Cosmodrome, Siberia, Russian Federation","country_code":"RUS","map_image":"https://spacelaunchnow-prod-east.nyc3.digitaloceanspaces.com/media/launch_images/location_18_20200803142401.jpg","total_launch_count":14,"total_landing_count":0},"map_image":"https://spacelaunchnow-prod-east.nyc3.digitaloceanspaces.com/media/launch_images/pad_83_20200803143544.jpg","total_launch_count":14},"webcast_live":false,"image":"https://spacelaunchnow-prod-east.nyc3.digitaloceanspaces.com/media/launcher_images/soyuz25202.1b_image_20190520165337.jpg","infographic":null,"program":[]},{"id":"1caacff9-837e-493b-afd4-4da54eeccdf2","url":"https://ll.thespacedevs.com/2.0.0/launch/1caacff9-837e-493b-afd4-4da54eeccdf2/","launch_library_id":null,"slug":"falcon-9-block-5-crew-7","name":"Falcon 9 Block 5 | Crew-7","status":{"id":2,"name":"TBD"},"net":"2023-08-17T10:56:00Z","window_end":"2023-08-17T10:56:00Z","window_start":"2023-08-17T10:56:00Z","inhold":false,"tbdtime":false,"tbddate":false,"probability":null,"holdreason":"","failreason":"","hashtag":null,"launch_service_provider":{"id":121,"url":"https://ll.thespacedevs.com/2.0.0/agencies/121/","name":"SpaceX","type":"Commercial"},"rocket":{"id":7536,"configuration":{"id":164,"launch_library_id":188,"url":"https://ll.thespacedevs.com/2.0.0/config/launcher/164/","name":"Falcon 9","family":"Falcon","full_name":"Falcon 9 Block 5","variant":"Block 5"}},"mission":{"id":5960,"launch_library_id":null,"name":"Crew-7","description":"SpaceX Crew-7 is the seventh crewed operational flight of a Crew Dragon spacecraft to the International Space Station as part of NASA's Commercial Crew Program.","launch_designator":null,"type":"Human Exploration","orbit":{"id":8,"name":"Low Earth Orbit","abbrev":"LEO"}},"pad":{"id":87,"url":"https://ll.thespacedevs.com/2.0.0/pad/87/","agency_id":121,"name":"Launch Complex 39A","info_url":null,"wiki_url":"https://en.wikipedia.org/wiki/Kennedy_Space_Center_Launch_Complex_39#Launch_Pad_39A","map_url":"https://www.google.com/maps?q=28.60822681,-80.60428186","latitude":"28.60822681","longitude":"-80.60428186","location":{"id":27,"url":"https://ll.thespacedevs.com/2.0.0/location/27/","name":"Kennedy Space Center, FL, USA","country_code":"USA","map_image":"https://spacelaunchnow-prod-east.nyc3.digitaloceanspaces.com/media/launch_images/location_27_20200803142447.jpg","total_launch_count":220,"total_landing_count":0},"map_image":"https://spacelaunchnow-prod-east.nyc3.digitaloceanspaces.com/media/launch_images/pad_87_20200803143537.jpg","total_launch_count":162},"webcast_live":false,"image":"https://spacelaunchnow-prod-east.nyc3.digitaloceanspaces.com/media/launch_images/falcon2520925_image_20220301071815.jpeg","infographic":null,"program":[{"id":5,"url":"https://ll.thespacedevs.com/2.0.0/program/5/","name":"Commercial Crew Program","description":"The Commercial Crew Program (CCP) is a human spaceflight program operated by NASA, in association with American aerospace manufacturers Boeing and SpaceX. The program conducts rotations between the expeditions of the International Space Station program, transporting crews to and from the International Space Station (ISS) aboard Boeing Starliner and SpaceX Crew Dragon capsules, in the first crewed orbital spaceflights operated by private companies.","agencies":[{"id":80,"url":"https://ll.thespacedevs.com/2.0.0/agencies/80/","name":"Boeing","type":"Commercial"},{"id":44,"url":"https://ll.thespacedevs.com/2.0.0/agencies/44/","name":"National Aeronautics and Space Administration","type":"Government"},{"id":121,"url":"https://ll.thespacedevs.com/2.0.0/agencies/121/","name":"SpaceX","type":"Commercial"}],"image_url":"https://spacelaunchnow-prod-east.nyc3.digitaloceanspaces.com/media/program_images/commercial2520_program_20200820201209.png","start_date":"2011-04-18T00:00:00Z","end_date":null,"info_url":"https://www.nasa.gov/exploration/commercial/crew/index.html","wiki_url":"https://en.wikipedia.org/wiki/Commercial_Crew_Program"},{"id":17,"url":"https://ll.thespacedevs.com/2.0.0/program/17/","name":"International Space Station","description":"The International Space Station programme is tied together by a complex set of legal, political and financial agreements between the sixteen nations involved in the project, governing ownership of the various components, rights to crewing and utilization, and responsibilities for crew rotation and resupply of the International Space Station. It was conceived in 1984 by President Ronald Reagan, during the Space Station Freedom project as it was originally called.","agencies":[{"id":16,"url":"https://ll.thespacedevs.com/2.0.0/agencies/16/","name":"Canadian Space Agency","type":"Government"},{"id":27,"url":"https://ll.thespacedevs.com/2.0.0/agencies/27/","name":"European Space Agency","type":"Multinational"},{"id":37,"url":"https://ll.thespacedevs.com/2.0.0/agencies/37/","name":"Japan Aerospace Exploration Agency","type":"Government"},{"id":44,"url":"https://ll.thespacedevs.com/2.0.0/agencies/44/","name":"National Aeronautics and Space Administration","type":"Government"},{"id":63,"url":"https://ll.thespacedevs.com/2.0.0/agencies/63/","name":"Russian Federal Space Agency (ROSCOSMOS)","type":"Government"}],"image_url":"https://spacelaunchnow-prod-east.nyc3.digitaloceanspaces.com/media/program_images/international2_program_20201129184745.png","start_date":"1998-11-20T06:40:00Z","end_date":null,"info_url":"https://www.nasa.gov/mission_pages/station/main/index.html","wiki_url":"https://en.wikipedia.org/wiki/International_Space_Station_programme"}]}]}